Seq,PSRJ,RAh,RAm,RAs,e_RAs,DE-,DEd,DEm,DEs,e_DEs,F0,e_F0,F1,e_F1,F2,e_F2,RMS,RMS_P0,ntoa,chi2r,l_chi2r,dof,dt,flags
1,J0034-0721,00,34,08.91,5,-,07,21,56,2,1.0605000639,1,-0.448,8,,,2908.3,3.1,62,6.9,,57,2.1,
2,J0134-2937,01,34,18.692,1,-,29,37,17.08,2,7.30131498121,1,-4.178,1,,,114.3,0.8,57,1.0,,52,1.7,
3,J0151-0635,01,51,22.74,1,-,06,35,03.9,3,0.68275004308,1,-0.2067,8,,,615.0,0.4,39,1.5,,34,2.1,
4,J0152-1637,01,52,10.852,6,-,16,37,53.9,1,1.200851165189,7,-1.873,2,,,259.6,0.3,39,1.0,,34,1.4,
5,J0206-4028,02,06,01.293,5,-,40,28,03.62,7,1.585913888562,9,-3.0095,7,,,208.5,0.3,26,1.4,,21,1.8,
6,J0255-5304,02,55,56.2925,9,-,53,04,21.275,9,2.233596324088,1,-0.1561,1,,,77.1,0.2,99,2.8,,94,2.2,
7,J0401-7608,04,01,51.75,3,-,76,08,13.0,1,1.83400703758,3,-5.188,5,,,811.8,1.5,36,1.6,,35,1.6,
8,J0418-4154,04,18,03.787,8,-,41,54,14.53,8,1.32079645096,3,-2.293,3,,,350.9,0.5,19,0.7,,14,1.6,
9,J0450-1248,04,50,08.77,2,-,12,48,07.0,5,2.2830308884,1,-0.54,1,-0.00090,5,1763.3,4.0,16,1.6,,15,1.7,
10,J0452-1759,04,52,34.115,1,-,17,59,23.30,4,1.821681556540,2,-19.0946,3,,,185.5,0.3,75,2.9,,70,2.2,
11,J0525+1115,05,25,56.500,3,+,11,15,19.1,2,2.82137066778,1,-0.585,2,,,230.4,0.6,24,0.8,,19,1.7,
12,J0533+0402,05,33,25.83,2,+,04,01,59.6,8,1.03840239455,4,-0.171,5,,,1107.0,1.1,15,0.9,,14,1.5,
13,J0536-7543,05,36,30.82,1,-,75,43,54.8,1,0.802660896055,5,-0.3722,8,,,279.8,0.2,49,1.6,,44,2.2,
14,J0601-0527,06,01,58.973,2,-,05,27,51.02,6,2.525443244407,6,-8.3064,9,,,273.7,0.7,75,0.8,,70,2.2,
15,J0627+0706,06,27,44.181,4,+,07,06,32.8,2,2.10134832230,3,-131.618,3,,,283.4,0.6,36,1.6,,35,1.7,
16,J0630-2834,06,30,49.371,8,-,28,34,42.2,2,0.80358373464,2,-4.635,1,-0.50,1,591.8,0.5,37,3.2,,31,2.2,
17,J0646+0905,06,46,30.96,5,+,09,05,50,2,1.1063007233,1,-0.915,9,,,1669.3,1.8,43,2.7,,38,1.7,
18,J0659+1414,06,59,48.196,3,+,14,14,19.4,3,2.59788422918,2,-370.7985,8,,,818.8,2.1,141,2.1,,136,3.0,
19,J0729-1836,07,29,32.290,4,-,18,36,42.21,7,1.96011842692,1,-72.8593,7,,,1060.9,2.1,160,13.5,,155,2.9,
20,J0738-4042,07,38,32.262,2,-,40,42,39.42,2,2.66723044134,1,-9.7822,4,-4.05,7,153.1,0.4,185,50,>,179,2.5,
21,J0742-2822,07,42,49.073,5,-,28,22,43.51,7,5.99612785971,9,-603.377,8,-22.4,5,560.1,3.4,121,50,>,114,2.4,
22,J0758-1528,07,58,29.055,5,-,15,28,08.46,6,1.46570344504,1,-3.481,1,,,293.1,0.4,63,0.9,,58,1.9,
23,J0809-4753,08,09,43.835,6,-,47,53,54.70,6,1.82747830437,1,-10.274,1,,,329.1,0.6,41,1.0,,36,1.8,
24,J0820-1350,08,20,26.402,3,-,13,50,56.40,8,0.807668884075,2,-1.3731,4,,,181.0,0.1,29,1.8,,24,2.4,
25,J0820-4114,08,20,15.45,2,-,41,14,35.3,3,1.83336353469,6,-0.075,5,,,1153.2,2.1,36,1.2,,31,1.9,
26,J0837-4135,08,37,21.1943,6,-,41,35,14.563,6,1.330449942221,2,-6.26345,6,0.031,9,68.6,0.1,94,7.8,,88,2.4,
27,J0840-5332,08,40,33.75,2,-,53,32,35.92,9,1.38770592258,2,-3.149,2,,,590.6,0.8,40,1.0,,35,1.9,
28,J0842-4851,08,42,05.33,3,-,48,51,21.1,2,1.55191490019,2,-23.029,3,,,525.2,0.8,13,1.5,,8,1.9,
29,J0846-3533,08,46,06.040,8,-,35,33,41.2,1,0.895978340344,8,-1.288,1,,,587.6,0.5,35,1.6,,30,1.9,
30,J0855-3331,08,55,38.40,2,-,33,31,39.0,2,0.78892977830,1,-3.936,2,,,402.2,0.3,23,0.7,,18,2.0,
31,J0907-5157,09,07,15.911,4,-,51,57,59.21,3,3.94387510244,2,-28.556,1,,,321.2,1.3,56,1.6,,51,2.0,
32,J0908-4913,09,08,35.429,4,-,49,13,05.06,4,9.3660112270,1,-1324.723,4,17.8,6,510.6,4.8,121,50,>,115,2.3,
33,J0922+0638,09,22,14.16,1,+,06,38,28.8,3,2.32217901670,4,-73.937,4,-3.3,3,346.6,0.8,41,3.5,,35,1.9,
34,J0924-5814,09,24,30.83,3,-,58,14,05.1,3,1.35225504153,4,-9.002,3,,,1378.4,1.9,27,1.0,,22,2.0,
35,J0934-5249,09,34,28.21,5,-,52,49,27.4,2,0.69214827100,3,-2.231,3,,,1246.4,0.9,23,2.1,,18,1.7,
36,J0942-5657,09,42,54.424,9,-,56,57,43.21,6,1.23737204382,2,-60.639,2,,,227.4,0.3,21,0.7,,16,1.5,
37,J0944-1354,09,44,28.97,1,-,13,54,41.9,2,1.75357327378,3,-0.139,4,,,121.8,0.2,23,1.0,,18,1.8,
38,J0953+0755,09,53,09.297,2,+,07,55,36.4,1,3.951547889072,3,-3.5872,2,,,45.4,0.2,25,7.7,,20,2.1,
39,J0955-5304,09,55,29.474,7,-,53,04,16.57,6,1.159928626936,7,-4.7433,7,,,283.4,0.3,29,1.1,,24,1.7,
40,J1001-5507,10,01,37.88,5,-,55,07,08.6,4,0.69607303565,2,-25.031,2,,,4563.0,3.2,77,50,>,72,2.4,
41,J1003-4747,10,03,21.528,7,-,47,47,01.2,1,3.25654170023,3,-21.966,2,,,145.6,0.5,11,0.8,,6,2.0,
42,J1012-5857,10,12,48.48,2,-,58,57,48.7,1,1.21962189421,2,-26.469,2,,,727.9,0.9,57,1.0,,52,2.3,
43,J1013-5934,10,13,31.835,8,-,59,34,26.63,5,2.25784124142,1,-2.838,1,,,346.0,0.8,39,0.8,,34,1.9,
44,J1017-5621,10,17,12.831,3,-,56,21,30.52,3,1.986244776367,7,-12.387,1,,,145.5,0.3,28,0.6,,23,1.6,
45,J1034-3224,10,34,19.49,2,-,32,24,27.2,3,0.86911889403,3,-0.181,3,,,590.5,0.5,10,0.2,,5,1.7,
46,J1042-5521,10,42,00.49,3,-,55,21,06.2,4,0.85406779038,2,-4.901,2,,,640.5,0.5,22,0.7,,17,1.9,
47,J1046-5813,10,46,18.81,2,-,58,13,52.0,1,2.70688676029,8,-8.401,6,,,252.5,0.7,21,0.8,,16,1.6,
48,J1048-5832,10,48,13.05,2,-,58,32,06.2,1,8.0824184675,2,-6279.20,2,147.0,10,1403.9,11.3,141,50,>,134,2.3,
49,J1056-6258,10,56,25.584,3,-,62,58,47.69,2,2.36714106186,1,-20.0460,3,0.88,5,265.1,0.6,127,3.6,,121,2.5,
50,J1057-5226,10,57,59.045,2,-,52,26,56.33,2,5.07318862008,2,-150.272,1,-0.70,1,223.1,1.1,92,7.6,,86,2.4,
51,J1059-5742,10,59,00.87,2,-,57,42,14.5,1,0.84387999092,2,-3.062,3,,,792.6,0.7,27,1.6,,22,1.5,
52,J1105-6107,11,05,26.14,1,-,61,07,48.94,7,15.8222513304,2,-3966.60,2,,,369.5,5.8,47,9.0,,42,1.6,
53,J1110-5637,11,10,00.40,1,-,56,37,32.6,1,1.79129810270,2,-6.604,3,,,407.3,0.7,32,1.2,,27,1.5,
54,J1116-4122,11,16,43.083,9,-,41,22,44.8,2,1.06026074420,2,-8.952,1,,,256.7,0.3,19,1.1,,14,1.9,
55,J1121-5444,11,21,19.09,1,-,54,44,05.1,1,1.86641502544,3,-9.698,3,-4.7,2,278.1,0.5,34,1.4,,28,1.8,
56,J1136+1551,11,36,03.072,7,+,15,51,15.5,2,0.841809871747,4,-2.6442,2,,,234.9,0.2,25,6.4,,20,3.0,
57,J1136-5525,11,36,02.16,2,-,55,25,06.9,2,2.74188009974,6,-61.847,3,-4.5,4,861.8,2.4,54,9.8,,48,2.4,
58,J1146-6030,11,46,07.722,6,-,60,30,59.49,6,3.65798554138,1,-23.925,1,,,271.2,1.0,40,1.0,,35,1.9,
59,J1157-6224,11,57,15.207,5,-,62,24,50.93,5,2.49671858339,2,-24.5156,7,-1.0,1,261.6,0.7,50,1.2,,44,2.1,
60,J1202-5820,12,02,28.325,5,-,58,20,33.64,5,2.20846545759,2,-10.3898,6,-1.09,9,235.5,0.5,45,1.0,,39,2.3,
61,J1210-5559,12,10,05.9861,9,-,55,59,03.87,1,3.574391887153,2,-9.2671,2,,,39.7,0.1,30,0.5,,25,2.1,
62,J1224-6407,12,24,22.274,1,-,64,07,53.834,9,4.619346760844,3,-105.6997,3,,,99.0,0.5,124,1.9,,119,2.1,
63,J1239-6832,12,39,58.8,1,-,68,32,30.0,5,0.76809485744,5,-7.018,7,,,1039.2,0.8,15,1.2,,10,1.4,
64,J1243-6423,12,43,17.101,1,-,64,23,23.73,1,2.574101117947,2,-29.7838,2,,,163.3,0.4,193,50,>,188,2.4,
65,J1253-5820,12,53,28.413,3,-,58,20,40.59,4,3.91392670018,3,-32.257,2,,,176.8,0.7,33,0.6,,28,1.6,
66,J1305-6455,13,05,23.39,2,-,64,55,28.3,2,1.74931666089,4,-12.368,1,-1.0,3,721.0,1.3,51,3.3,,45,2.4,
67,J1306-6617,13,06,38.14,3,-,66,17,22.1,3,2.1140406548,1,-26.74,1,,,1340.6,2.8,22,1.3,,17,1.5,
68,J1312-5402,13,12,04.71,6,-,54,02,42.6,6,1.37333511666,7,-0.27,1,,,1638.3,2.2,17,1.0,,12,1.6,
69,J1312-5516,13,12,53.52,2,-,55,16,48.0,2,1.17751983176,3,-7.910,3,,,832.2,1.0,39,0.9,,34,1.5,
70,J1319-6056,13,19,20.24,1,-,60,56,46.7,1,3.51675963951,4,-18.895,4,,,400.2,1.4,25,1.3,,20,1.7,
71,J1320-5359,13,20,53.921,3,-,53,59,05.00,4,3.57477758544,1,-118.152,1,,,296.4,1.1,75,0.8,,70,1.9,
72,J1326-5859,13,26,58.217,5,-,58,59,29.29,5,2.09207816446,2,-14.1887,8,1.4,1,328.8,0.7,61,2.1,,55,2.1,
73,J1326-6408,13,26,32.44,1,-,64,08,43.8,1,1.26155286489,1,-4.921,2,,,396.5,0.5,25,1.5,,20,1.4,
74,J1326-6700,13,26,02.73,2,-,67,00,49.2,2,1.84156961608,6,-18.063,4,-4.2,6,1105.9,2.0,47,2.7,,41,2.0,
75,J1327-6222,13,27,17.176,9,-,62,22,45.46,6,1.88704458069,3,-66.917,1,9.2,2,602.4,1.1,99,25.8,,93,2.1,
76,J1327-6301,13,27,07.46,1,-,63,01,15.45,8,5.08957797555,6,-39.618,6,,,369.9,1.9,24,1.1,,19,1.6,
77,J1328-4357,13,28,06.41,1,-,43,57,44.6,2,1.87722052787,3,-10.760,3,,,440.1,0.8,50,1.8,,45,1.7,
78,J1355-5153,13,55,58.685,7,-,51,53,54.0,1,1.55206115643,1,-6.774,1,,,206.1,0.3,28,0.9,,23,1.7,
79,J1359-6038,13,59,58.248,1,-,60,38,07.55,1,7.84261649184,2,-389.3542,7,1.6,2,114.3,0.9,114,6.8,,108,2.1,
80,J1401-6357,14,01,52.59,1,-,63,57,45.4,1,1.18651362796,2,-23.769,1,-2.4,2,709.0,0.8,59,15.5,,53,2.0,
81,J1420-5416,14,20,29.09,3,-,54,16,22.5,5,1.06863614348,3,-0.265,3,,,666.6,0.7,17,0.7,,12,1.7,
82,J1428-5530,14,28,26.246,9,-,55,30,50.1,1,1.75348642693,3,-6.417,2,,,649.0,1.1,44,4.1,,39,1.9,
83,J1430-6623,14,30,40.735,2,-,66,23,05.55,1,1.273166302706,1,-4.50222,8,,,87.1,0.1,69,2.1,,64,2.2,
84,J1435-5954,14,35,00.21,5,-,59,54,48.8,4,2.11418109792,8,-6.911,6,,,1394.8,2.9,21,1.5,,16,1.9,
85,J1440-6344,14,40,31.26,2,-,63,44,48.4,2,2.17577321653,3,-5.306,2,,,388.2,0.8,12,0.7,,7,1.7,
86,J1452-6036,14,52,51.86,5,-,60,36,32,1,6.4519415820,6,-60.40,7,,,275.6,1.8,17,0.4,,12,1.9,
87,J1453-6413,14,53,32.6546,6,-,64,13,16.047,5,5.571424351992,5,-85.1832,2,0.22,3,52.4,0.3,117,4.6,,111,2.2,
88,J1456-6843,14,55,59.923,3,-,68,43,39.50,2,3.796840090121,6,-1.4264,3,,,106.2,0.4,58,5.8,,53,2.6,
89,J1507-4352,15,07,34.156,3,-,43,52,03.8,1,3.48725495695,3,-19.252,3,,,121.0,0.4,14,0.8,,9,1.5,
90,J1507-6640,15,07,48.632,5,-,66,40,57.80,3,2.81170331278,1,-9.108,1,,,103.8,0.3,18,0.5,,13,1.5,
91,J1512-5759,15,12,43.027,7,-,58,00,00.2,1,7.7700147940,2,-413.544,5,-12,2,437.1,3.4,72,1.0,,66,1.7,
92,J1522-5829,15,22,42.26,1,-,58,29,03.1,1,2.52937565292,2,-13.149,2,,,654.6,1.7,33,1.2,,28,1.8,
93,J1527-3931,15,27,58.78,1,-,39,31,36.6,8,0.41363243245,2,-3.265,2,,,707.4,0.3,15,0.5,,10,1.6,
94,J1527-5552,15,27,40.75,1,-,55,52,08.3,3,0.95354468208,2,-10.250,2,,,559.8,0.5,21,1.6,,16,1.7,
95,J1534-5334,15,34,08.278,6,-,53,34,19.66,8,0.730523027416,3,-0.7625,2,,,383.3,0.3,48,1.5,,43,2.1,
96,J1539-5626,15,39,14.109,8,-,56,26,26.3,1,4.10852985575,4,-81.898,4,,,522.9,2.1,64,1.1,,59,1.8,
97,J1544-5308,15,44,59.838,2,-,53,08,46.93,4,5.60055059845,1,-1.8901,8,,,151.7,0.8,44,1.1,,39,2.1,
98,J1557-4258,15,57,00.252,2,-,42,58,12.39,4,3.03778582424,1,-3.0435,8,,,133.8,0.4,40,1.2,,35,1.8,
99,J1559-4438,15,59,41.529,1,-,44,38,45.74,3,3.89018703586,3,-15.451,1,,,99.7,0.4,48,5.7,,43,1.5,
100,J1600-5044,16,00,53.015,2,-,50,44,21.30,4,5.191975911315,9,-136.452,1,,,258.2,1.3,92,2.6,,87,2.1,
101,J1602-5100,16,02,18.73,1,-,51,00,06.1,2,1.15702413207,3,-92.926,2,6.0,3,925.6,1.1,83,16.6,,77,1.9,
102,J1604-4909,16,04,22.976,2,-,49,09,57.98,3,3.05419496502,1,-9.503,2,-1.3,2,128.5,0.4,52,1.5,,46,1.9,
103,J1605-5257,16,05,16.25,1,-,52,57,34.5,2,1.51972586120,1,-0.592,1,,,953.8,1.4,46,1.7,,41,2.1,
104,J1613-4714,16,13,28.99,2,-,47,14,26.9,4,2.61522196130,6,-4.339,4,,,366.8,1.0,18,0.8,,13,1.8,
105,J1633-5015,16,33,00.083,4,-,50,15,08.40,8,2.839736054539,8,-30.5481,8,,,328.6,0.9,45,1.0,,40,2.1,
106,J1644-4559,16,44,49.273,2,-,45,59,09.71,5,2.197424522481,9,-97.0042,3,4.33,6,532.5,1.2,553,50,>,547,2.9,
107,J1645-0317,16,45,02.033,2,-,03,17,57.20,8,2.57937109610,1,-11.8159,8,0.7,1,186.9,0.5,39,50,>,33,2.1,
108,J1651-4246,16,51,48.77,1,-,42,46,09.4,3,1.18472094030,2,-6.682,2,,,1520.2,1.8,70,2.1,,65,2.0,
109,J1651-5222,16,51,42.95,1,-,52,22,58.6,2,1.57465888880,3,-4.492,2,,,608.3,1.0,30,1.3,,25,1.7,
110,J1700-3312,17,00,52.78,8,-,33,12,52,7,0.7362090974,1,-2.556,6,,,2288.3,1.7,16,2.2,,11,1.7,
111,J1701-3726,17,01,18.41,3,-,37,26,25,2,0.40739535951,2,-1.843,3,,,2197.1,0.9,17,1.5,,12,1.7,
112,J1703-1846,17,03,51.09,3,-,18,46,16,4,1.24325189271,3,-2.671,3,,,670.9,0.8,11,1.5,,6,1.6,
113,J1703-3241,17,03,22.520,6,-,32,41,48.3,4,0.82522853905,1,-0.4465,8,,,530.8,0.4,38,1.4,,33,1.9,
114,J1703-4851,17,03,54.53,2,-,48,52,01.0,5,0.716124628386,9,-2.602,1,,,537.3,0.4,16,1.5,,11,2.2,
115,J1705-1906,17,05,35.967,2,-,19,06,39.6,2,3.344586792943,8,-46.2571,8,,,139.7,0.5,51,1.2,,46,2.0,
116,J1705-3423,17,05,42.362,3,-,34,23,43.4,2,3.91501633784,1,-16.499,2,,,449.1,1.8,76,1.2,,71,2.2,
117,J1707-4053,17,07,21.75,5,-,40,53,57,2,1.72111797510,8,-5.681,5,,,1396.1,2.4,16,0.6,,11,2.3,
118,J1708-3426,17,08,57.81,3,-,34,26,44,2,1.44484514048,7,-8.779,5,,,1251.3,1.8,15,2.6,,10,1.7,
119,J1709-1640,17,09,26.447,3,-,16,40,56.2,4,1.53125350177,2,-14.8099,5,0.9,2,91.1,0.1,20,0.7,,14,1.9,
120,J1709-4429,17,09,42.746,5,-,44,29,07.2,1,9.7542900321,2,-8851.790,7,203.0,10,413.2,4.0,67,12.1,,61,2.0,
121,J1711-5350,17,11,53.19,4,-,53,50,17.2,6,1.11205916018,3,-19.207,3,,,891.5,1.0,21,1.3,,16,1.6,
122,J1715-4034,17,15,40.9,2,-,40,34,21,5,0.48258947531,4,-0.705,3,,,3770.8,1.8,13,1.6,,8,2.1,
123,J1717-4054,17,17,52.36,3,-,41,03,17.8,7,1.12648201282,3,-4.699,3,-1.7,2,1261.6,1.4,25,1.5,,19,3.0,
124,J1720-1633,17,20,25.24,2,-,16,33,34,3,0.63873066515,2,-2.375,2,,,1406.4,0.9,28,4.2,,23,1.6,
125,J1720-2933,17,20,34.11,2,-,29,33,16,3,1.61173637045,8,-1.942,5,,,785.2,1.3,15,1.0,,10,1.7,
126,J1722-3207,17,22,02.959,2,-,32,07,45.3,2,2.095742100981,7,-2.8338,6,,,215.6,0.5,39,1.0,,34,1.8,
127,J1722-3712,17,22,59.239,6,-,37,12,03.7,5,4.23402576560,6,-194.935,8,,,536.3,2.3,48,9.5,,43,1.5,
128,J1739-2903,17,39,34.295,3,-,29,03,02.9,7,3.09704932885,3,-75.532,5,,,332.9,1.0,46,1.4,,41,1.5,
129,J1741-3927,17,41,18.079,5,-,39,27,38.2,2,1.95231526531,2,-6.5261,9,3.0,2,234.1,0.5,40,1.4,,34,1.9,
130,J1743-3150,17,43,36.70,1,-,31,50,21,1,0.414138298081,6,-20.7152,8,,,1124.0,0.5,38,0.7,,33,1.8,
131,J1744-1134,17,44,29.4172,1,-,11,34,54.71,1,245.42611956900,5,-0.552,4,,,3.5,0.9,11,1.8,,4,2.0,
132,J1745-3040,17,45,56.325,1,-,30,40,22.6,1,2.721563416149,3,-79.0424,3,,,115.7,0.3,69,6.7,,64,2.2,
133,J1748-1300,17,48,17.431,10,-,13,00,53.4,7,2.53720725132,3,-7.800,3,,,195.9,0.5,10,0.5,,5,1.8,
134,J1751-4657,17,51,42.196,2,-,46,57,26.53,5,1.347066944066,1,-2.3551,1,,,124.7,0.2,40,1.3,,35,2.3,
135,J1752-2806,17,52,58.713,6,-,28,06,33.9,7,1.77757096048,1,-25.6971,9,,,964.3,1.7,99,50,>,94,2.8,
136,J1759-2205,17,59,24.135,5,-,22,05,34,2,2.16928428071,2,-51.084,1,,,159.3,0.3,16,1.4,,11,1.8,
137,J1801-2920,18,01,46.86,1,-,29,20,36,1,0.924290873991,8,-2.8163,9,,,354.2,0.3,14,0.4,,9,1.8,
138,J1807-0847,18,07,38.0266,6,-,08,47,43.25,3,6.107713282169,4,-1.0674,3,,,38.2,0.2,41,1.0,,36,2.3,
139,J1807-2715,18,07,08.50,1,-,27,15,02,3,1.20804374589,2,-17.816,2,,,372.0,0.4,18,1.3,,13,1.9,
140,J1808-0813,18,08,09.37,5,-,08,13,03,2,1.1414938454,1,-1.609,8,,,931.7,1.1,12,1.2,,7,1.6,
141,J1816-2650,18,16,35.395,8,-,26,49,54,1,1.68666719259,1,-0.1904,9,,,692.3,1.2,42,1.4,,37,3.0,
142,J1817-3618,18,17,05.857,9,-,36,18,04.6,3,2.58384981884,1,-13.506,1,,,200.7,0.5,11,0.8,,6,1.7,
143,J1818-1422,18,18,23.87,5,-,14,22,45,4,3.4306484571,2,-23.96,1,,,910.9,3.1,18,0.6,,13,1.8,
144,J1820-0427,18,20,52.592,2,-,04,27,37.12,7,1.67201171086,1,-17.6831,3,-0.65,6,171.8,0.3,36,2.7,,30,2.3,
145,J1822-2256,18,22,59.0,1,-,22,56,38.0,4,0.533541177320,9,-0.3861,9,,,816.6,0.4,17,0.8,,12,2.1,
146,J1823-0154,18,23,52.16,1,-,01,54,10,2,1.31617369962,5,-1.948,4,,,213.1,0.3,10,0.5,,5,1.9,
147,J1823-3106,18,23,46.816,6,-,31,06,49.2,4,3.52042950501,4,-36.377,4,,,147.7,0.5,19,1.0,,14,1.5,
148,J1824-1945,18,24,00.4725,10,-,19,45,51.6,2,5.28154642995,1,-146.1508,4,-7.89,7,103.1,0.5,71,8.4,,65,2.2,
149,J1825-0935,18,25,30.594,2,-,09,35,21.2,2,1.30035460953,1,-88.5289,3,2.86,6,433.9,0.6,108,4.9,,102,2.3,
150,J1829-1751,18,29,43.167,9,-,17,51,01,1,3.25587939575,8,-58.846,2,-2.9,4,630.5,2.1,43,22.2,,37,2.2,
151,J1830-1135,18,30,01.7,1,-,11,35,09.0,1,0.16073093747,5,-1.236,3,,,5251.3,0.8,14,0.9,,9,1.8,
152,J1832-0827,18,32,37.020,5,-,08,27,03.8,2,1.544788609466,7,-152.4912,8,,,454.2,0.7,50,1.5,,45,1.9,
153,J1833-0338,18,33,41.889,1,-,03,39,04.43,7,1.456170355872,3,-88.1273,3,,,241.2,0.4,61,1.8,,56,1.7,
154,J1833-0827,18,33,40.264,5,-,08,27,32.0,4,11.7247184587,1,-1261.91,1,,,342.5,4.0,18,1.4,,13,1.7,
155,J1834-0426,18,34,25.632,10,-,04,26,15.2,7,3.44698922337,2,-0.870,3,,,419.4,1.4,24,1.2,,19,2.0,
156,J1836-1008,18,36,53.926,5,-,10,08,09.3,4,1.77708391440,4,-37.177,1,2.3,3,456.0,0.8,41,1.2,,35,2.1,
157,J1840-0809,18,40,33.37,2,-,08,09,03.7,8,1.04638272527,2,-2.574,2,,,894.7,0.9,29,0.7,,24,1.9,
158,J1841+0912,18,41,55.938,8,+,09,12,08.3,2,2.62246808519,1,-7.489,2,,,246.5,0.6,12,0.7,,7,1.9,
159,J1842-0359,18,42,26.49,2,-,04,00,02.1,7,0.54349459492,3,-0.151,1,,,3046.3,1.7,57,2.7,,52,2.9,
160,J1843-0000,18,43,27.97,2,-,00,00,39.8,6,1.13593208334,3,-10.042,2,,,1265.6,1.4,22,1.4,,17,2.0,
161,J1847-0402,18,47,22.842,2,-,04,02,14.4,1,1.672775771619,7,-144.6410,5,,,455.9,0.8,84,0.9,,79,2.3,
162,J1848-0123,18,48,23.597,2,-,01,23,58.8,1,1.516448575896,5,-11.9846,4,,,321.6,0.5,78,1.5,,73,2.3,
163,J1849-0636,18,49,06.47,1,-,06,37,06.1,7,0.689011346429,7,-21.9581,8,,,435.6,0.3,29,1.0,,24,1.9,
164,J1852-0635,18,52,57.49,2,-,06,36,01.8,8,1.90782618116,2,-53.252,2,,,755.3,1.4,36,0.9,,31,2.0,
165,J1854-1421,18,54,44.30,5,-,14,21,19,3,0.87214552616,3,-3.180,3,,,735.8,0.6,10,0.6,,5,1.8,
166,J1857+0212,18,57,43.66,2,+,02,12,41.1,7,2.4047071645,2,-232.74,1,,,1261.9,3.0,40,1.0,,35,2.0,
167,J1900-2600,19,00,47.544,6,-,26,00,44.2,7,1.633428124583,7,-0.5478,3,,,261.7,0.4,31,1.3,,26,2.9,
168,J1901+0331,19,01,31.770,2,+,03,31,04.96,7,1.525657449736,5,-17.3017,4,,,336.7,0.5,69,3.1,,64,1.9,
169,J1901-0906,19,01,53.021,9,-,09,06,11.9,7,0.561189668478,4,-0.5160,3,,,403.5,0.2,23,0.7,,18,2.0,
170,J1903+0135,19,03,29.986,1,+,01,35,38.53,4,1.371164754792,4,-7.5674,4,,,177.1,0.2,65,1.6,,60,1.7,
171,J1903-0632,19,03,37.950,7,-,06,32,22.1,3,2.31540809124,1,-18.120,1,,,280.5,0.6,28,0.9,,23,2.0,
172,J1909+0007,19,09,35.264,5,+,00,07,57.0,1,0.983329997580,5,-5.3445,5,,,348.6,0.3,33,0.7,,28,1.9,
173,J1909+0254,19,09,38.321,9,+,02,54,49.9,3,1.010269404842,7,-5.6138,7,,,328.1,0.3,22,0.6,,17,2.0,
174,J1909+1102,19,09,48.693,1,+,11,02,03.20,7,3.52556957552,4,-32.8483,5,3.5,4,111.7,0.4,43,0.9,,37,1.7,
175,J1910-0309,19,10,29.693,5,-,03,09,53.8,3,1.98174395505,2,-8.608,1,,,254.8,0.5,22,0.5,,17,1.9,
176,J1913-0440,19,13,54.182,2,-,04,40,47.6,1,1.210742185605,2,-5.9780,2,,,141.8,0.2,55,3.3,,50,2.4,
177,J1915+1009,19,15,29.991,3,+,10,09,43.37,6,2.471871539032,9,-93.2267,8,,,298.4,0.7,47,0.9,,42,1.8,
178,J1916+0951,19,16,32.352,5,+,09,51,25.1,2,3.70019376632,6,-34.499,6,,,219.9,0.8,21,0.7,,16,1.5,
179,J1916+1312,19,16,58.60,1,+,13,12,52.8,7,3.5480500850,4,-46.967,8,44,3,290.0,1.0,18,3.6,,12,1.8,
180,J1919+0021,19,19,50.682,7,+,00,21,39.6,2,0.785999270002,5,-4.7424,6,,,399.8,0.3,39,0.6,,34,2.0,
181,J1926+0431,19,26,24.46,1,+,04,31,31.9,4,0.93102927987,2,-2.134,1,,,774.0,0.7,59,1.3,,54,2.0,
182,J1932+1059,19,32,14.0570,8,+,10,59,33.38,2,4.41464565189,2,-22.5455,3,-1.21,8,65.1,0.3,50,8.9,,44,2.4,
183,J1941-2602,19,41,00.414,5,-,26,02,05.7,3,2.48226091397,2,-5.894,1,,,127.1,0.3,22,0.7,,17,1.5,
184,J1943-1237,19,43,25.45,2,-,12,37,44,1,1.028351509805,8,-1.753,1,,,378.6,0.4,20,1.2,,15,2.0,
185,J1946-2913,19,46,51.75,1,-,29,13,47.4,8,1.04226478934,1,-1.619,1,,,506.3,0.5,20,0.4,,15,1.8,
186,J1949-2524,19,49,25.63,5,-,25,24,12,4,1.04425628277,2,-3.568,2,,,493.4,0.5,11,0.4,,6,1.9,
187,J2006-0807,20,06,16.33,2,-,08,07,01,1,1.72155151632,6,-0.133,4,,,820.4,1.4,63,0.8,,58,2.0,
188,J2033+0042,20,33,31.1,1,+,00,42,23,5,0.19946542820,2,-0.386,2,,,4303.6,0.9,24,1.3,,19,1.9,
189,J2046-0421,20,46,00.16,1,-,04,21,25.9,6,0.64643778920,1,-0.6148,7,,,931.6,0.6,62,1.2,,57,2.0,
190,J2048-1616,20,48,35.77,4,-,16,16,47,2,0.509792367551,3,-2.8489,2,,,409.6,0.2,56,3.0,,51,2.8,
191,J2053-7200,20,53,47.283,9,-,72,00,42.45,4,2.92966112970,2,-1.696,1,,,108.7,0.3,17,0.6,,12,1.7,
192,J2116+1414,21,16,13.739,6,+,14,14,21.0,2,2.27193569861,2,-1.491,2,,,235.0,0.5,26,0.6,,21,1.9,
193,J2144-3933,21,44,12.05,5,-,39,33,59.0,9,0.117511188481,3,-0.0063,3,,,2470.5,0.3,39,1.1,,34,1.9,
194,J2155-3118,21,55,13.61,2,-,31,18,52.8,7,0.97087088286,2,-1.169,2,,,433.6,0.4,23,0.4,,18,1.8,
195,J2324-6054,23,24,27.15,4,-,60,54,05.8,3,0.425987202195,9,-0.4676,8,,,799.5,0.3,29,0.9,,24,1.9,
196,J2330-2005,23,30,26.974,5,-,20,05,29.5,2,0.608411174930,2,-1.7144,2,,,444.9,0.3,61,1.6,,56,2.2,
197,J2346-0609,23,46,50.51,4,-,06,10,01,1,0.846407381996,7,-0.9691,6,,,436.8,0.4,86,1.1,,81,2.0,
